[
    {
        "image": "https://encrypted-tbn0.gstatic.com/images?q=tbn:ANd9GcR3VwguWeNfWBuYzmv5elm3Q9rvgNlQkqICFrcFEJZ7&s",
        "name": "car"
    },
    {
        "image": "https://encrypted-tbn0.gstatic.com/images?q=tbn:ANd9GcQyEUCJtmGuoPfD-Hk3lkDupnr1f6Go_w-do9kr6JPQyg&usqp=CAU&ec=48665701",
        "name": "car2"
    },
    {
        "image": "https://i.pinimg.com/236x/04/6b/38/046b3884bbd9d16ba053a80c95b8f295.jpg",
        "name": "bus"
    },
    {
        "image": "https://i.pinimg.com/236x/d5/82/de/d582defbb5ce891d80d49792ef1f05ea.jpg",
        "name": "truck"
    },
    {
        "image": "https://i.pinimg.com/236x/5c/36/bb/5c36bb31ff8e9c2bd28adefda92312a5.jpg",
        "name": "cycle"
    },
    {
        "image": "https://i.pinimg.com/236x/bd/03/c2/bd03c25d247bea33dd9579a818839510.jpg",
        "name": "aeroplane"
    },
    {
        "image": "https://i.pinimg.com/236x/ee/25/41/ee25413b482d0dd9f93b89b39ccd2ac0.jpg",
        "name": "helicopter"
    },
    {
        "image": "https://i.pinimg.com/236x/6b/60/02/6b6002e85a67559b0af16cfca7494b6a.jpg",
        "name": "train"
    },
    {
        "image": "https://i.pinimg.com/236x/3d/05/c7/3d05c77d73fb5b8222e5a4a3420a87bf.jpg",
        "name": "motorcycle"
    }
]